<?xml version="1.0" encoding="UTF-8"?>
<project-private xmlns="http://www.netbeans.org/ns/project-private/1">
    <open-files xmlns="http://www.netbeans.org/ns/projectui-open-files/2">
        <group>
            <file>file:/C:/Users/Raihan/Desktop/Meal%20Management%20System2/src/meal/management/system2/ManagerHome.java</file>
            <file>file:/C:/Users/Raihan/Desktop/Meal%20Management%20System2/src/meal/management/system2/MealHistoryForMember.java</file>
        </group>
    </open-files>
</project-private>
